,0,1,2,3,4,5,6,7,8,9,10,11,12,13,14,15,16,17,18,19,20,21,22,23
0,10.0,10.0,10.0,10.0,8.0,12.0,10.0,10.0,10.0,0.0,0.0,10.0,10.0,10.0,0.0,-2.0,10.0,10.0,10.0,16.0,2.0,22.333333333333336,24.53333333333333,3.1333333333333337
1,10.0,9.0,9.0,10.0,9.0,13.0,10.0,10.0,0.0,13.0,0.0,10.0,10.0,0.0,0.0,0.0,10.0,10.0,16.0,1.0,0.0,8.433333333333334,20.53333333333333,18.633333333333333
2,10.0,9.0,9.0,10.0,10.0,14.0,10.0,0.0,13.0,0.0,0.0,10.0,0.0,0.0,11.0,0.0,10.0,16.0,1.0,3.0,0.0,21.866666666666667,8.866666666666667,16.46666666666667
3,9.0,9.0,9.0,12.0,13.0,12.0,0.0,13.0,0.0,18.0,1.0,0.0,0.0,11.0,12.0,2.0,16.0,1.0,3.0,11.0,-3.0,-9.6,-4.949999999999999,1.65
4,9.0,8.0,9.0,3.0,5.0,19.0,13.0,0.0,18.0,0.0,0.0,0.0,11.0,12.0,0.0,0.0,1.0,3.0,11.0,7.0,0.0,22.799999999999997,21.1,13.7
5,8.0,8.0,9.0,5.0,6.0,5.0,0.0,18.0,0.0,8.0,-3.0,11.0,12.0,0.0,7.0,9.0,3.0,11.0,7.0,11.0,-6.0,8.05,-5.299999999999999,9.55
6,7.0,8.0,9.0,1.0,9.0,0.0,18.0,0.0,8.0,9.0,3.0,12.0,0.0,7.0,13.0,0.0,11.0,7.0,11.0,7.0,-3.0,-3.9333333333333336,-3.4833333333333334,0.9166666666666667
7,7.0,8.0,10.0,12.0,13.0,1.0,0.0,8.0,9.0,0.0,0.0,0.0,7.0,13.0,0.0,0.0,7.0,11.0,7.0,7.0,-0.0,18.433333333333334,19.833333333333332,16.53333333333333
8,7.0,7.0,9.0,5.0,6.0,0.0,8.0,9.0,0.0,8.0,0.0,7.0,13.0,0.0,10.0,0.0,11.0,7.0,7.0,13.0,0.0,1.2166666666666666,-0.8833333333333335,-2.033333333333333
9,7.0,6.0,11.0,3.0,4.0,6.0,9.0,0.0,8.0,5.0,-3.0,13.0,0.0,10.0,13.0,-3.0,7.0,7.0,13.0,8.0,6.0,9.6,-2.220446049250313e-16,1.7999999999999996
10,9.0,6.0,11.0,3.0,11.0,2.0,0.0,8.0,5.0,13.0,0.0,0.0,10.0,13.0,0.0,0.0,7.0,13.0,8.0,13.0,0.0,3.166666666666667,11.366666666666667,6.266666666666667
11,9.0,7.0,10.0,0.0,4.0,0.0,8.0,5.0,13.0,9.0,2.0,10.0,13.0,0.0,0.0,0.0,13.0,8.0,13.0,5.0,-2.0,-1.8833333333333333,13.716666666666667,9.866666666666667
12,10.0,7.0,12.0,0.0,5.0,1.0,5.0,13.0,9.0,6.0,2.0,13.0,0.0,0.0,11.0,-2.0,8.0,13.0,5.0,13.0,-0.0,9.633333333333333,4.133333333333333,8.033333333333333
13,10.0,8.0,11.0,0.0,10.0,0.0,13.0,9.0,6.0,11.0,0.0,0.0,0.0,11.0,12.0,0.0,13.0,5.0,13.0,9.0,0.0,-6.333333333333333,-2.583333333333333,2.416666666666667
14,11.0,7.0,11.0,2.0,3.0,2.0,9.0,6.0,11.0,13.0,-0.0,0.0,11.0,12.0,0.0,0.0,5.0,13.0,9.0,8.0,0.0,9.733333333333334,17.133333333333333,14.733333333333334
15,12.0,7.0,12.0,0.0,0.0,0.0,6.0,11.0,13.0,6.0,0.0,11.0,12.0,0.0,12.0,0.0,13.0,9.0,8.0,9.0,0.0,9.916666666666666,-8.833333333333334,-0.08333333333333334
16,11.0,6.0,13.0,0.0,5.0,0.0,11.0,13.0,6.0,14.0,0.0,12.0,0.0,12.0,11.0,-0.0,9.0,8.0,9.0,16.0,0.0,-9.0,-5.25,0.75
17,12.0,5.0,13.0,0.0,7.0,1.0,13.0,6.0,14.0,20.0,-0.0,0.0,12.0,11.0,0.0,-5.0,8.0,9.0,16.0,11.0,5.0,-1.1833333333333331,14.866666666666667,4.716666666666667
18,10.0,6.0,14.0,3.0,1.0,0.0,6.0,14.0,20.0,0.0,-0.0,12.0,11.0,0.0,0.0,0.0,9.0,16.0,11.0,10.0,0.0,23.15,17.35,10.200000000000001
19,11.0,5.0,18.0,0.0,7.0,0.0,14.0,20.0,0.0,9.0,0.0,11.0,0.0,0.0,11.0,-1.0,16.0,11.0,10.0,16.0,1.0,1.8499999999999999,-5.3500000000000005,-6.4
20,11.0,5.0,19.0,3.0,6.0,4.0,20.0,0.0,9.0,13.0,-0.0,0.0,0.0,11.0,0.0,-7.0,11.0,10.0,16.0,16.0,7.0,9.183333333333334,20.383333333333333,9.333333333333334
21,10.0,6.0,20.0,10.0,0.0,0.0,0.0,9.0,13.0,13.0,-3.0,0.0,11.0,0.0,0.0,0.0,10.0,16.0,16.0,16.0,3.0,9.75,15.25,12.5
22,10.0,5.0,20.0,0.0,0.0,0.0,9.0,13.0,13.0,0.0,-1.0,11.0,0.0,0.0,10.0,0.0,16.0,16.0,16.0,16.0,1.0,13.916666666666666,-12.083333333333334,-3.8333333333333335
23,10.0,5.0,20.0,0.0,6.0,0.0,13.0,13.0,0.0,13.0,-0.0,0.0,0.0,10.0,13.0,-0.0,16.0,16.0,16.0,16.0,0.0,-0.36666666666666653,-6.716666666666666,6.383333333333334
24,10.0,5.0,20.0,3.0,1.0,0.0,13.0,0.0,13.0,8.0,-0.0,0.0,10.0,13.0,0.0,0.0,16.0,16.0,16.0,16.0,0.0,12.9,14.100000000000001,13.2
25,9.0,4.0,20.0,4.0,0.0,0.0,0.0,13.0,8.0,13.0,-3.0,10.0,13.0,0.0,0.0,0.0,16.0,16.0,16.0,16.0,3.0,6.383333333333333,4.533333333333333,11.783333333333333
26,8.0,5.0,20.0,0.0,5.0,0.0,13.0,8.0,13.0,8.0,0.0,13.0,0.0,0.0,11.0,-0.0,16.0,16.0,16.0,16.0,0.0,-4.0,-5.0,6.0
27,9.0,4.0,20.0,4.0,9.0,1.0,8.0,13.0,8.0,0.0,-0.0,0.0,0.0,11.0,0.0,-5.0,16.0,16.0,16.0,16.0,5.0,23.21666666666667,20.21666666666667,17.266666666666666
28,9.0,5.0,20.0,0.0,4.0,1.0,13.0,8.0,0.0,13.0,-4.0,0.0,11.0,0.0,0.0,0.0,16.0,16.0,16.0,16.0,4.0,8.166666666666668,13.016666666666666,14.316666666666666
29,9.0,4.0,20.0,4.0,0.0,0.0,8.0,0.0,13.0,8.0,-0.0,11.0,0.0,0.0,4.0,0.0,16.0,16.0,16.0,16.0,0.0,9.383333333333333,6.283333333333333,13.033333333333333
30,8.0,4.0,20.0,4.0,7.0,0.0,0.0,13.0,8.0,14.0,0.0,0.0,0.0,4.0,4.0,-0.0,16.0,16.0,16.0,16.0,0.0,-1.4333333333333331,2.2666666666666666,7.966666666666667
31,8.0,4.0,20.0,0.0,3.0,0.0,13.0,8.0,14.0,0.0,0.0,0.0,4.0,4.0,12.0,0.0,16.0,16.0,16.0,16.0,0.0,6.566666666666666,-5.233333333333333,8.066666666666666
32,8.0,5.0,20.0,5.0,0.0,0.0,8.0,14.0,0.0,8.0,-0.0,4.0,4.0,12.0,0.0,0.0,16.0,16.0,16.0,16.0,0.0,7.5,8.5,11.0
33,8.0,5.0,20.0,1.0,0.0,0.0,14.0,0.0,8.0,8.0,-4.0,4.0,12.0,0.0,8.0,-0.0,16.0,16.0,16.0,16.0,4.0,11.783333333333335,1.6333333333333337,12.883333333333333
34,9.0,5.0,20.0,5.0,0.0,0.0,0.0,8.0,8.0,13.0,-1.0,12.0,0.0,8.0,8.0,0.0,16.0,16.0,16.0,16.0,1.0,2.083333333333333,-1.1666666666666667,8.583333333333334
35,9.0,5.0,19.0,0.0,7.0,0.0,8.0,8.0,13.0,5.0,0.0,0.0,8.0,8.0,0.0,-0.0,16.0,16.0,16.0,16.0,0.0,5.8500000000000005,11.65,11.600000000000001
36,9.0,5.0,20.0,0.0,2.0,0.0,8.0,13.0,5.0,9.0,0.0,8.0,8.0,0.0,0.0,0.0,16.0,16.0,16.0,16.0,0.0,7.6000000000000005,12.65,11.850000000000001
37,10.0,5.0,20.0,0.0,3.0,0.0,13.0,5.0,9.0,9.0,0.0,8.0,0.0,0.0,11.0,-2.0,16.0,16.0,16.0,16.0,2.0,4.4,0.10000000000000009,9.9
38,11.0,5.0,20.0,2.0,6.0,0.0,5.0,9.0,9.0,13.0,-0.0,0.0,0.0,11.0,12.0,0.0,16.0,16.0,16.0,16.0,0.0,4.033333333333333,-4.366666666666666,7.733333333333333
39,11.0,5.0,20.0,0.0,1.0,0.0,9.0,9.0,13.0,11.0,0.0,0.0,11.0,12.0,0.0,0.0,16.0,16.0,16.0,16.0,0.0,1.9666666666666668,11.366666666666667,10.466666666666667
40,11.0,5.0,20.0,0.0,0.0,0.0,9.0,13.0,11.0,14.0,0.0,11.0,12.0,0.0,0.0,0.0,16.0,16.0,16.0,16.0,0.0,0.33333333333333326,2.333333333333333,8.333333333333334
41,11.0,5.0,20.0,0.0,6.0,0.0,13.0,11.0,14.0,0.0,0.0,12.0,0.0,0.0,8.0,-0.0,16.0,16.0,16.0,16.0,0.0,18.966666666666665,4.366666666666665,12.466666666666665
42,12.0,5.0,19.0,1.0,7.0,3.0,11.0,14.0,0.0,13.0,-0.0,0.0,0.0,8.0,0.0,-6.0,16.0,16.0,16.0,16.0,6.0,11.533333333333335,19.933333333333334,11.333333333333334
43,14.0,5.0,18.0,0.0,2.0,1.0,14.0,0.0,13.0,9.0,0.0,0.0,8.0,0.0,12.0,0.0,16.0,16.0,16.0,16.0,0.0,12.399999999999999,-0.8000000000000007,14.8
44,15.0,5.0,18.0,0.0,0.0,0.0,0.0,13.0,9.0,15.0,0.0,8.0,0.0,12.0,7.0,0.0,16.0,16.0,16.0,16.0,0.0,8.166666666666666,-2.3333333333333335,11.666666666666666
45,15.0,5.0,17.0,0.0,3.0,0.0,13.0,9.0,15.0,16.0,0.0,0.0,12.0,7.0,0.0,0.0,16.0,16.0,16.0,17.0,0.0,-22.516666666666666,4.933333333333334,3.983333333333333
46,15.0,6.0,18.0,0.0,0.0,0.0,9.0,15.0,16.0,16.0,0.0,12.0,7.0,0.0,0.0,0.0,16.0,16.0,17.0,11.0,-0.0,8.583333333333332,9.833333333333332,18.083333333333332
47,15.0,6.0,19.0,0.0,6.0,0.0,15.0,16.0,16.0,15.0,0.0,7.0,0.0,0.0,11.0,-0.0,16.0,17.0,11.0,16.0,0.0,-3.4499999999999997,-3.05,6.8
48,14.0,6.0,20.0,1.0,7.0,0.0,16.0,16.0,15.0,24.0,0.0,0.0,0.0,11.0,12.0,0.0,17.0,11.0,16.0,16.0,0.0,-4.033333333333333,-4.633333333333334,6.066666666666666
49,14.0,6.0,20.0,2.0,1.0,0.0,16.0,15.0,24.0,0.0,-1.0,0.0,11.0,12.0,0.0,0.0,11.0,16.0,16.0,16.0,1.0,34.95,22.05,21.9
50,12.0,6.0,19.0,4.0,0.0,0.0,15.0,24.0,0.0,4.0,-2.0,11.0,12.0,0.0,0.0,0.0,16.0,16.0,16.0,16.0,2.0,19.883333333333333,5.033333333333333,3.783333333333333
51,13.0,6.0,18.0,5.0,6.0,0.0,24.0,0.0,4.0,13.0,-1.0,12.0,0.0,0.0,10.0,1.0,16.0,16.0,16.0,13.0,-0.0,10.883333333333333,1.0333333333333337,14.383333333333333
52,14.0,6.0,19.0,12.0,7.0,5.0,0.0,4.0,13.0,13.0,-3.0,0.0,0.0,10.0,0.0,-5.0,16.0,16.0,13.0,16.0,8.0,17.333333333333336,21.333333333333336,9.533333333333333
53,13.0,5.0,20.0,0.0,2.0,1.0,4.0,13.0,13.0,15.0,0.0,0.0,10.0,0.0,12.0,0.0,16.0,13.0,16.0,16.0,0.0,5.7333333333333325,-1.7166666666666672,16.883333333333333
54,12.0,6.0,20.0,0.0,0.0,0.0,13.0,13.0,15.0,16.0,1.0,10.0,0.0,12.0,7.0,0.0,13.0,16.0,16.0,16.0,-1.0,-15.333333333333334,-8.833333333333334,4.166666666666666
55,12.0,6.0,20.0,1.0,4.0,0.0,13.0,15.0,16.0,0.0,-0.0,0.0,12.0,7.0,0.0,0.0,16.0,16.0,16.0,16.0,0.0,27.15,17.85,10.5
56,11.0,6.0,20.0,2.0,0.0,0.0,15.0,16.0,0.0,12.0,-1.0,12.0,7.0,0.0,7.0,1.0,16.0,16.0,16.0,16.0,0.0,8.066666666666666,1.766666666666667,9.766666666666667
57,11.0,6.0,20.0,6.0,6.0,0.0,16.0,0.0,12.0,8.0,0.0,7.0,0.0,7.0,11.0,-0.0,16.0,16.0,16.0,16.0,0.0,11.0,0.5,10.1
58,11.0,6.0,19.0,5.0,7.0,3.0,0.0,12.0,8.0,13.0,-6.0,0.0,7.0,11.0,10.0,0.0,16.0,16.0,16.0,16.0,6.0,12.0,1.2999999999999998,7.7
59,10.0,5.0,19.0,3.0,0.0,0.0,12.0,8.0,13.0,15.0,8.0,7.0,11.0,10.0,0.0,-7.0,16.0,16.0,16.0,13.0,-1.0,-7.733333333333334,8.816666666666666,17.316666666666666
60,10.0,5.0,20.0,2.0,2.0,0.0,8.0,13.0,15.0,0.0,-3.0,11.0,10.0,0.0,0.0,0.0,16.0,16.0,13.0,16.0,3.0,28.833333333333336,18.333333333333332,19.03333333333333
61,9.0,5.0,20.0,0.0,6.0,0.0,13.0,15.0,0.0,22.0,-2.0,10.0,0.0,0.0,8.0,-2.0,16.0,13.0,16.0,17.0,4.0,-9.033333333333333,0.1166666666666667,7.216666666666667
62,8.0,4.0,20.0,5.0,12.0,0.0,15.0,0.0,22.0,2.0,-0.0,0.0,0.0,8.0,10.0,0.0,13.0,16.0,17.0,16.0,0.0,12.266666666666667,-2.433333333333333,9.766666666666667
63,9.0,5.0,20.0,6.0,7.0,0.0,0.0,22.0,2.0,0.0,-5.0,0.0,8.0,10.0,0.0,0.0,16.0,17.0,16.0,16.0,5.0,27.383333333333333,16.28333333333333,13.233333333333333
64,11.0,6.0,20.0,0.0,1.0,0.0,22.0,2.0,0.0,18.0,0.0,8.0,10.0,0.0,0.0,0.0,17.0,16.0,16.0,16.0,0.0,-9.2,10.450000000000001,8.05
65,10.0,6.0,20.0,12.0,2.0,0.0,2.0,0.0,18.0,0.0,-0.0,10.0,0.0,0.0,8.0,-1.0,16.0,16.0,16.0,16.0,1.0,21.75,9.25,16.7
66,12.0,5.0,20.0,2.0,7.0,0.0,0.0,18.0,0.0,15.0,0.0,0.0,0.0,8.0,12.0,0.0,16.0,16.0,16.0,16.0,0.0,3.333333333333333,-4.666666666666667,7.533333333333333
67,11.0,6.0,20.0,0.0,1.0,0.0,18.0,0.0,15.0,16.0,0.0,0.0,8.0,12.0,0.0,0.0,16.0,16.0,16.0,16.0,0.0,-15.866666666666667,8.783333333333333,6.383333333333334
68,11.0,6.0,20.0,7.0,0.0,0.0,0.0,15.0,16.0,6.0,-0.0,8.0,12.0,0.0,7.0,0.0,16.0,16.0,16.0,16.0,0.0,12.15,-4.4,9.35
69,11.0,5.0,20.0,0.0,3.0,0.0,15.0,16.0,6.0,19.0,0.0,12.0,0.0,7.0,11.0,-0.0,16.0,16.0,16.0,16.0,0.0,-12.6,-6.9,3.9
70,10.0,5.0,20.0,5.0,7.0,0.0,16.0,6.0,19.0,0.0,-0.0,0.0,7.0,11.0,0.0,-3.0,16.0,16.0,16.0,16.0,3.0,25.266666666666666,20.566666666666666,18.766666666666666
71,10.0,4.0,20.0,6.0,3.0,1.0,6.0,19.0,0.0,0.0,-5.0,7.0,11.0,0.0,0.0,0.0,16.0,16.0,16.0,16.0,5.0,30.15,16.45,17.9
72,10.0,4.0,20.0,2.0,3.0,0.0,19.0,0.0,0.0,18.0,0.0,11.0,0.0,0.0,11.0,-3.0,16.0,16.0,16.0,16.0,3.0,-2.616666666666667,-1.7166666666666666,10.833333333333334
73,12.0,4.0,20.0,7.0,7.0,1.0,0.0,0.0,18.0,25.0,-2.0,0.0,0.0,11.0,0.0,-3.0,16.0,16.0,16.0,16.0,5.0,-3.1166666666666667,11.383333333333335,10.233333333333334
74,12.0,4.0,20.0,0.0,3.0,0.0,0.0,18.0,25.0,0.0,0.0,0.0,11.0,0.0,0.0,0.0,16.0,16.0,16.0,16.0,0.0,16.983333333333334,13.433333333333334,15.983333333333334
75,11.0,4.0,20.0,0.0,0.0,0.0,18.0,25.0,0.0,7.0,0.0,11.0,0.0,0.0,12.0,0.0,16.0,16.0,16.0,16.0,0.0,-14.25,-12.25,2.5
76,11.0,3.0,20.0,7.0,8.0,0.0,25.0,0.0,7.0,13.0,-0.0,0.0,0.0,12.0,0.0,-0.0,16.0,16.0,16.0,16.0,0.0,6.466666666666667,7.866666666666667,10.666666666666668
77,10.0,3.0,20.0,15.0,5.0,3.0,0.0,7.0,13.0,0.0,-7.0,0.0,12.0,0.0,0.0,0.0,16.0,16.0,16.0,16.0,7.0,30.15,13.65,14.100000000000001
78,11.0,3.0,20.0,4.0,2.0,0.0,7.0,13.0,0.0,18.0,0.0,12.0,0.0,0.0,0.0,0.0,16.0,16.0,16.0,16.0,0.0,2.15,8.85,16.3
79,10.0,3.0,20.0,0.0,9.0,0.0,13.0,0.0,18.0,0.0,-1.0,0.0,0.0,0.0,11.0,-2.0,16.0,16.0,16.0,16.0,3.0,22.033333333333335,0.13333333333333375,14.033333333333335
80,10.0,3.0,20.0,3.0,6.0,0.0,0.0,18.0,0.0,9.0,0.0,0.0,0.0,11.0,0.0,0.0,16.0,16.0,16.0,16.0,0.0,10.4,9.1,11.7
81,10.0,3.0,20.0,0.0,3.0,0.0,18.0,0.0,9.0,11.0,0.0,0.0,11.0,0.0,0.0,0.0,16.0,16.0,16.0,16.0,0.0,-8.1,4.8500000000000005,7.15
82,10.0,3.0,20.0,8.0,0.0,0.0,0.0,9.0,11.0,13.0,-0.0,11.0,0.0,0.0,0.0,0.0,16.0,16.0,16.0,16.0,0.0,4.6,8.4,10.4
83,11.0,3.0,20.0,0.0,8.0,0.0,9.0,11.0,13.0,0.0,0.0,0.0,0.0,0.0,11.0,-0.0,16.0,16.0,16.0,16.0,0.0,14.566666666666666,-4.483333333333333,9.816666666666666
84,10.0,4.0,20.0,0.0,4.0,0.0,11.0,13.0,0.0,9.0,0.0,0.0,0.0,11.0,0.0,0.0,16.0,16.0,16.0,16.0,0.0,9.033333333333333,10.883333333333333,11.783333333333333
85,9.0,4.0,20.0,2.0,0.0,0.0,13.0,0.0,9.0,9.0,0.0,0.0,11.0,0.0,0.0,0.0,16.0,16.0,16.0,16.0,0.0,9.233333333333334,11.433333333333334,11.933333333333334
86,9.0,4.0,20.0,6.0,0.0,0.0,0.0,9.0,9.0,40.0,0.0,11.0,0.0,0.0,4.0,0.0,16.0,16.0,16.0,16.0,0.0,-36.46666666666667,-14.366666666666667,-2.366666666666667
87,10.0,3.0,20.0,0.0,8.0,0.0,9.0,9.0,40.0,0.0,0.0,0.0,0.0,4.0,11.0,-0.0,16.0,16.0,16.0,16.0,0.0,10.233333333333334,-5.566666666666666,8.733333333333334
88,12.0,3.0,20.0,0.0,5.0,0.0,9.0,40.0,0.0,0.0,0.0,0.0,4.0,11.0,0.0,0.0,16.0,16.0,16.0,16.0,0.0,20.5,11.75,14.25
89,11.0,3.0,20.0,0.0,2.0,0.0,40.0,0.0,0.0,7.0,0.0,4.0,11.0,0.0,0.0,0.0,16.0,16.0,16.0,16.0,0.0,10.933333333333334,9.733333333333334,11.933333333333334
90,11.0,3.0,20.0,29.0,1.0,0.0,0.0,0.0,7.0,0.0,-0.0,11.0,0.0,0.0,0.0,-2.0,16.0,16.0,16.0,16.0,2.0,22.766666666666666,15.566666666666666,16.666666666666664
91,10.0,4.0,19.0,19.0,7.0,0.0,0.0,7.0,0.0,18.0,0.0,0.0,0.0,0.0,11.0,-1.0,16.0,16.0,16.0,16.0,1.0,-6.5166666666666675,-6.316666666666667,6.133333333333333
92,11.0,3.0,17.0,7.0,4.0,0.0,7.0,0.0,18.0,0.0,-1.0,0.0,0.0,11.0,0.0,0.0,16.0,16.0,16.0,16.0,1.0,26.35,13.649999999999999,17.299999999999997
93,10.0,3.0,19.0,4.0,1.0,0.0,0.0,18.0,0.0,9.0,0.0,0.0,11.0,0.0,0.0,0.0,16.0,16.0,16.0,16.0,0.0,10.516666666666666,9.816666666666666,12.166666666666668
94,11.0,3.0,20.0,0.0,0.0,0.0,18.0,0.0,9.0,11.0,0.0,11.0,0.0,0.0,10.0,0.0,16.0,16.0,16.0,16.0,0.0,-10.666666666666666,-12.916666666666666,3.0833333333333335
95,12.0,3.0,20.0,6.0,8.0,0.0,0.0,9.0,11.0,13.0,-0.0,0.0,0.0,10.0,0.0,-0.0,16.0,16.0,16.0,16.0,0.0,8.600000000000001,8.4,11.2
96,14.0,3.0,20.0,0.0,5.0,0.0,9.0,11.0,13.0,8.0,0.0,0.0,10.0,0.0,0.0,0.0,16.0,16.0,16.0,16.0,0.0,1.5,7.0,9.5
97,16.0,3.0,20.0,0.0,2.0,0.0,11.0,13.0,8.0,16.0,0.0,10.0,0.0,0.0,0.0,0.0,16.0,16.0,16.0,16.0,0.0,-2.7333333333333334,6.316666666666666,8.516666666666666
98,17.0,3.0,20.0,0.0,7.0,0.0,13.0,8.0,16.0,17.0,2.0,0.0,0.0,0.0,11.0,-2.0,16.0,16.0,16.0,16.0,0.0,-1.7333333333333334,-5.933333333333334,6.266666666666667
99,17.0,3.0,20.0,0.0,4.0,0.0,8.0,16.0,17.0,16.0,0.0,0.0,0.0,11.0,0.0,0.0,16.0,16.0,16.0,16.0,0.0,6.2,8.3,10.7
100,16.0,3.0,20.0,0.0,1.0,0.0,16.0,17.0,16.0,17.0,0.0,0.0,11.0,0.0,0.0,0.0,16.0,16.0,16.0,16.0,0.0,-6.366666666666666,5.533333333333334,7.633333333333334
101,16.0,3.0,20.0,0.0,0.0,0.0,17.0,16.0,17.0,12.0,-0.0,11.0,0.0,0.0,0.0,0.0,16.0,16.0,16.0,16.0,0.0,17.833333333333332,7.333333333333333,12.833333333333332
102,17.0,3.0,20.0,0.0,8.0,0.0,16.0,17.0,12.0,17.0,0.0,0.0,0.0,0.0,11.0,-0.0,16.0,16.0,16.0,16.0,0.0,10.233333333333334,-5.566666666666666,8.733333333333334
103,16.0,3.0,20.0,0.0,5.0,0.0,17.0,12.0,17.0,6.0,-0.0,0.0,0.0,11.0,0.0,0.0,16.0,16.0,16.0,16.0,0.0,26.833333333333336,13.333333333333334,15.833333333333334
104,17.0,3.0,20.0,0.0,2.0,0.0,12.0,17.0,6.0,18.0,0.0,0.0,11.0,0.0,0.0,0.0,16.0,16.0,16.0,16.0,0.0,12.933333333333334,10.233333333333334,12.433333333333334
105,14.0,2.0,20.0,0.0,0.0,0.0,17.0,6.0,18.0,17.0,0.0,11.0,0.0,0.0,0.0,0.0,16.0,16.0,16.0,16.0,0.0,3.1666666666666665,6.166666666666666,9.666666666666666
106,13.0,3.0,20.0,4.0,8.0,0.0,6.0,18.0,17.0,13.0,0.0,0.0,0.0,0.0,11.0,-0.0,16.0,16.0,16.0,16.0,0.0,7.033333333333333,-6.366666666666666,7.933333333333334
107,12.0,3.0,20.0,0.0,5.0,0.0,18.0,17.0,13.0,5.0,0.0,0.0,0.0,11.0,0.0,0.0,16.0,16.0,16.0,16.0,0.0,15.5,10.5,13.0
108,12.0,3.0,20.0,6.0,2.0,0.0,17.0,13.0,5.0,10.0,-0.0,0.0,11.0,0.0,0.0,0.0,16.0,16.0,16.0,16.0,0.0,12.8,10.2,12.399999999999999
109,11.0,2.0,20.0,6.0,0.0,2.0,13.0,5.0,10.0,2.0,-6.0,11.0,0.0,0.0,0.0,0.0,16.0,16.0,16.0,16.0,6.0,28.799999999999997,12.4,15.2
110,11.0,2.0,20.0,8.0,9.0,0.0,5.0,10.0,2.0,18.0,0.0,0.0,0.0,0.0,11.0,-0.0,16.0,16.0,16.0,16.0,0.0,-3.5333333333333328,-10.133333333333333,9.266666666666667
111,10.0,2.0,20.0,0.0,7.0,4.0,10.0,2.0,18.0,0.0,-8.0,0.0,0.0,11.0,0.0,0.0,16.0,16.0,16.0,16.0,8.0,20.8,8.850000000000001,9.65
112,10.0,2.0,20.0,0.0,5.0,0.0,2.0,18.0,0.0,11.0,0.0,0.0,11.0,0.0,0.0,0.0,16.0,16.0,16.0,16.0,0.0,10.0,9.0,20.0
113,10.0,2.0,20.0,0.0,0.0,0.0,18.0,0.0,11.0,11.0,4.0,11.0,0.0,0.0,0.0,-5.0,16.0,16.0,16.0,16.0,1.0,-7.5,5.5,8.0
114,11.0,2.0,20.0,7.0,9.0,0.0,0.0,11.0,11.0,13.0,-0.0,0.0,0.0,0.0,11.0,-0.0,16.0,16.0,16.0,16.0,0.0,2.0999999999999996,-9.600000000000001,6.3
115,11.0,2.0,20.0,0.0,7.0,0.0,11.0,11.0,13.0,7.0,0.0,0.0,0.0,11.0,0.0,0.0,16.0,16.0,16.0,16.0,0.0,5.6,5.9,10.1
116,10.0,2.0,20.0,1.0,5.0,0.0,11.0,13.0,7.0,13.0,-0.0,0.0,11.0,0.0,0.0,0.0,16.0,16.0,16.0,16.0,0.0,4.866666666666667,5.966666666666667,9.966666666666667
117,10.0,3.0,20.0,1.0,2.0,0.0,13.0,7.0,13.0,0.0,-1.0,11.0,0.0,0.0,0.0,0.0,16.0,16.0,16.0,16.0,1.0,24.96666666666667,13.366666666666667,16.066666666666666
118,10.0,2.0,20.0,3.0,9.0,0.0,7.0,13.0,0.0,13.0,-1.0,0.0,0.0,0.0,8.0,-2.0,16.0,16.0,16.0,16.0,3.0,4.133333333333334,-2.466666666666667,9.933333333333334
119,10.0,2.0,20.0,0.0,7.0,0.0,13.0,0.0,13.0,6.0,0.0,0.0,0.0,8.0,0.0,0.0,16.0,16.0,16.0,16.0,0.0,14.266666666666666,8.066666666666666,12.266666666666666
120,9.0,3.0,20.0,4.0,4.0,0.0,0.0,13.0,6.0,9.0,0.0,0.0,8.0,0.0,0.0,0.0,16.0,16.0,16.0,16.0,0.0,8.333333333333332,8.833333333333332,11.233333333333334
121,9.0,3.0,19.0,0.0,1.0,0.0,13.0,6.0,9.0,14.0,0.0,8.0,0.0,0.0,0.0,0.0,16.0,16.0,16.0,16.0,0.0,-9.283333333333333,4.866666666666667,7.216666666666667
122,8.0,3.0,19.0,5.0,5.0,0.0,6.0,9.0,14.0,0.0,-0.0,0.0,0.0,0.0,11.0,-1.0,16.0,16.0,16.0,16.0,1.0,15.583333333333332,-2.416666666666667,11.333333333333332
123,8.0,3.0,19.0,0.0,2.0,2.0,9.0,14.0,0.0,26.0,-5.0,0.0,0.0,11.0,0.0,0.0,16.0,16.0,16.0,16.0,5.0,-14.05,3.25,4.5
124,8.0,3.0,16.0,1.0,0.0,2.0,14.0,0.0,26.0,0.0,-0.0,0.0,11.0,0.0,0.0,0.0,16.0,16.0,16.0,16.0,0.0,19.21666666666667,10.066666666666666,14.616666666666667
125,8.0,3.0,16.0,6.0,0.0,1.0,0.0,26.0,0.0,0.0,-1.0,11.0,0.0,0.0,2.0,2.0,16.0,16.0,16.0,13.0,-1.0,19.583333333333336,4.933333333333334,18.583333333333336
126,7.0,3.0,15.0,0.0,8.0,1.0,26.0,0.0,0.0,6.0,1.0,0.0,0.0,2.0,13.0,-0.0,16.0,16.0,13.0,13.0,-1.0,3.6999999999999997,-8.850000000000001,10.85
127,8.0,3.0,14.0,18.0,5.0,3.0,0.0,0.0,6.0,8.0,-0.0,0.0,2.0,13.0,0.0,0.0,16.0,13.0,13.0,11.0,0.0,6.666666666666666,8.966666666666665,14.166666666666664
128,7.0,4.0,14.0,11.0,1.0,5.0,0.0,6.0,8.0,8.0,0.0,2.0,13.0,0.0,0.0,0.0,13.0,13.0,11.0,11.0,0.0,6.166666666666666,11.166666666666668,14.266666666666666
129,8.0,4.0,15.0,3.0,0.0,3.0,6.0,8.0,8.0,0.0,0.0,13.0,0.0,0.0,0.0,0.0,13.0,11.0,11.0,13.0,0.0,19.916666666666664,12.466666666666667,16.916666666666664
130,9.0,3.0,14.0,1.0,10.0,1.0,8.0,8.0,0.0,18.0,1.0,0.0,0.0,0.0,11.0,-0.0,11.0,11.0,13.0,8.0,-1.0,-6.666666666666666,-8.316666666666666,13.083333333333334
131,9.0,3.0,13.0,0.0,7.0,0.0,8.0,0.0,18.0,0.0,-1.0,0.0,0.0,11.0,0.0,0.0,11.0,13.0,8.0,19.0,1.0,17.85,8.9,3.8500000000000005
132,9.0,3.0,14.0,0.0,4.0,0.0,0.0,18.0,0.0,8.0,0.0,0.0,11.0,0.0,0.0,0.0,13.0,8.0,19.0,8.0,-0.0,8.116666666666667,8.966666666666665,12.116666666666667
133,10.0,3.0,15.0,0.0,1.0,0.0,18.0,0.0,8.0,11.0,0.0,11.0,0.0,0.0,0.0,0.0,8.0,19.0,8.0,13.0,-0.0,-15.366666666666667,3.033333333333334,4.133333333333334
134,11.0,3.0,14.0,7.0,8.0,0.0,0.0,8.0,11.0,13.0,-0.0,0.0,0.0,0.0,9.0,-1.0,19.0,8.0,13.0,16.0,1.0,-0.3666666666666667,-7.466666666666667,-8.166666666666666
135,11.0,5.0,16.0,0.0,3.0,3.0,8.0,11.0,13.0,5.0,0.0,0.0,0.0,9.0,0.0,0.0,8.0,13.0,16.0,8.0,-0.0,12.799999999999999,16.0,24.0
136,10.0,4.0,16.0,0.0,0.0,0.0,11.0,13.0,5.0,9.0,0.0,0.0,9.0,0.0,0.0,0.0,13.0,16.0,8.0,16.0,0.0,3.666666666666667,5.916666666666667,0.41666666666666674
137,9.0,3.0,16.0,2.0,0.0,0.0,13.0,5.0,9.0,13.0,-0.0,9.0,0.0,0.0,12.0,0.0,16.0,8.0,16.0,16.0,0.0,-3.933333333333333,-16.983333333333334,-1.483333333333333
138,12.0,3.0,15.0,1.0,6.0,3.0,5.0,9.0,13.0,5.0,-2.0,0.0,0.0,12.0,0.0,-0.0,8.0,16.0,16.0,8.0,2.0,24.233333333333334,13.733333333333334,21.03333333333333
139,11.0,3.0,15.0,0.0,3.0,0.0,9.0,13.0,5.0,14.0,0.0,0.0,12.0,0.0,0.0,0.0,16.0,16.0,8.0,16.0,0.0,-7.933333333333334,3.0166666666666666,-2.1833333333333336
140,12.0,2.0,18.0,0.0,1.0,0.0,13.0,5.0,14.0,13.0,0.0,12.0,0.0,0.0,0.0,0.0,16.0,8.0,16.0,8.0,-0.0,4.966666666666666,8.616666666666665,20.716666666666665
141,12.0,2.0,16.0,1.0,10.0,1.0,5.0,14.0,13.0,6.0,0.0,0.0,0.0,0.0,8.0,-1.0,8.0,16.0,8.0,16.0,1.0,15.416666666666668,-1.4833333333333334,10.166666666666668
142,13.0,2.0,17.0,0.0,8.0,0.0,14.0,13.0,6.0,14.0,0.0,0.0,0.0,8.0,0.0,0.0,16.0,8.0,16.0,16.0,0.0,-10.6,-1.15,-8.35
143,13.0,2.0,20.0,1.0,6.0,0.0,13.0,6.0,14.0,13.0,-0.0,0.0,8.0,0.0,0.0,0.0,8.0,16.0,16.0,8.0,0.0,13.5,10.0,22.1
144,13.0,2.0,20.0,1.0,4.0,0.0,6.0,14.0,13.0,14.0,0.0,8.0,0.0,0.0,0.0,0.0,16.0,16.0,8.0,16.0,0.0,4.9,2.6,-7.5
145,14.0,2.0,19.0,0.0,6.0,0.0,14.0,13.0,14.0,16.0,4.0,0.0,0.0,0.0,8.0,-4.0,16.0,8.0,16.0,16.0,0.0,-6.116666666666666,-2.466666666666667,6.383333333333334
146,15.0,2.0,18.0,0.0,4.0,0.0,13.0,14.0,16.0,8.0,-0.0,0.0,0.0,8.0,0.0,0.0,8.0,16.0,16.0,23.0,0.0,17.2,7.550000000000001,4.95
147,14.0,2.0,16.0,0.0,2.0,0.0,14.0,16.0,8.0,14.0,0.0,0.0,8.0,0.0,0.0,0.0,16.0,16.0,23.0,9.0,0.0,7.433333333333334,5.483333333333333,3.1833333333333336
148,12.0,2.0,16.0,2.0,0.0,0.0,16.0,8.0,14.0,13.0,-0.0,8.0,0.0,0.0,0.0,0.0,16.0,23.0,9.0,13.0,-0.0,10.233333333333334,8.933333333333334,16.433333333333334
149,13.0,2.0,16.0,5.0,6.0,0.0,8.0,14.0,13.0,8.0,0.0,0.0,0.0,0.0,11.0,-0.0,23.0,9.0,13.0,13.0,-0.0,14.466666666666667,-5.133333333333333,14.466666666666667
150,12.0,3.0,16.0,1.0,3.0,7.0,14.0,13.0,8.0,13.0,0.0,0.0,0.0,11.0,0.0,0.0,9.0,13.0,13.0,11.0,-0.0,11.200000000000001,11.0,18.6
151,12.0,3.0,14.0,3.0,0.0,2.0,13.0,8.0,13.0,13.0,0.0,0.0,11.0,0.0,0.0,0.0,13.0,13.0,11.0,13.0,0.0,9.533333333333333,9.833333333333332,12.633333333333333
152,11.0,3.0,15.0,5.0,0.0,0.0,8.0,13.0,13.0,12.0,0.0,11.0,0.0,0.0,0.0,0.0,13.0,11.0,13.0,11.0,0.0,8.083333333333332,3.833333333333333,15.583333333333332
153,12.0,3.0,15.0,1.0,8.0,0.0,13.0,13.0,12.0,10.0,0.0,0.0,0.0,0.0,11.0,-0.0,11.0,13.0,11.0,16.0,0.0,8.100000000000001,-7.1,3.2
154,13.0,3.0,16.0,0.0,5.0,0.0,13.0,12.0,10.0,12.0,-1.0,0.0,0.0,11.0,0.0,0.0,13.0,11.0,16.0,8.0,1.0,14.416666666666668,10.416666666666668,13.666666666666668
155,12.0,3.0,17.0,1.0,2.0,0.0,12.0,10.0,12.0,13.0,-0.0,0.0,11.0,0.0,0.0,0.0,11.0,16.0,8.0,30.0,-0.0,3.3,3.1999999999999993,-13.1
156,13.0,3.0,17.0,0.0,0.0,0.0,10.0,12.0,13.0,8.0,-1.0,11.0,0.0,0.0,0.0,0.0,16.0,8.0,30.0,5.0,1.0,17.916666666666668,10.416666666666668,17.666666666666668
157,12.0,3.0,18.0,0.0,8.0,0.0,12.0,13.0,8.0,14.0,0.0,0.0,0.0,0.0,11.0,-0.0,8.0,30.0,5.0,13.0,-0.0,0.7333333333333334,-7.066666666666666,10.733333333333334
158,10.0,3.0,17.0,2.0,5.0,0.0,13.0,8.0,14.0,6.0,0.0,0.0,0.0,11.0,0.0,0.0,30.0,5.0,13.0,16.0,0.0,10.15,5.8500000000000005,-4.8999999999999995
159,12.0,3.0,15.0,1.0,2.0,17.0,8.0,14.0,6.0,8.0,-2.0,0.0,11.0,0.0,0.0,0.0,5.0,13.0,16.0,16.0,2.0,17.233333333333334,10.133333333333333,7.633333333333333
160,11.0,3.0,16.0,0.0,0.0,5.0,14.0,6.0,8.0,12.0,1.0,11.0,0.0,0.0,0.0,0.0,13.0,16.0,16.0,13.0,-1.0,5.916666666666667,7.666666666666667,15.916666666666668
161,10.0,3.0,16.0,4.0,8.0,2.0,6.0,8.0,12.0,13.0,-0.0,0.0,0.0,0.0,6.0,-0.0,16.0,16.0,13.0,13.0,0.0,3.9666666666666672,0.06666666666666732,13.166666666666668
162,9.0,2.0,17.0,4.0,4.0,0.0,8.0,12.0,13.0,0.0,3.0,0.0,0.0,6.0,11.0,-2.0,16.0,13.0,13.0,13.0,-1.0,14.5,-1.7500000000000009,18.15
163,9.0,2.0,17.0,1.0,2.0,1.0,12.0,13.0,0.0,8.0,-2.0,0.0,6.0,11.0,0.0,0.0,13.0,13.0,13.0,16.0,2.0,12.266666666666667,8.166666666666668,11.766666666666667
164,9.0,2.0,16.0,4.0,0.0,0.0,13.0,0.0,8.0,13.0,0.0,6.0,11.0,0.0,0.0,0.0,13.0,13.0,16.0,14.0,0.0,2.466666666666667,5.866666666666667,8.866666666666667
165,8.0,3.0,18.0,9.0,3.0,0.0,0.0,8.0,13.0,8.0,0.0,11.0,0.0,0.0,3.0,-0.0,13.0,16.0,14.0,17.0,-0.0,3.95,2.05,2.0999999999999996
166,10.0,3.0,17.0,0.0,8.0,0.0,8.0,13.0,8.0,0.0,-1.0,0.0,0.0,3.0,8.0,-3.0,16.0,14.0,17.0,37.0,4.0,10.4,-3.9000000000000004,-19.1
167,10.0,3.0,17.0,0.0,5.0,0.0,13.0,8.0,0.0,9.0,0.0,0.0,3.0,8.0,0.0,0.0,14.0,17.0,37.0,3.0,-0.0,10.75,12.75,29.0
168,10.0,4.0,18.0,3.0,1.0,0.0,8.0,0.0,9.0,18.0,0.0,3.0,8.0,0.0,0.0,0.0,17.0,37.0,3.0,9.0,-0.0,0.40000000000000036,10.100000000000001,14.7
169,10.0,4.0,16.0,1.0,0.0,1.0,0.0,9.0,18.0,0.0,0.0,8.0,0.0,0.0,10.0,0.0,37.0,3.0,9.0,13.0,-0.0,21.833333333333336,2.4333333333333336,17.333333333333336
170,11.0,5.0,15.0,0.0,3.0,22.0,9.0,18.0,0.0,11.0,1.0,0.0,0.0,10.0,0.0,0.0,3.0,9.0,13.0,13.0,-1.0,-11.0,8.200000000000001,8.8
171,11.0,6.0,16.0,0.0,0.0,8.0,18.0,0.0,11.0,8.0,1.0,0.0,10.0,0.0,7.0,0.0,9.0,13.0,13.0,13.0,-1.0,8.983333333333333,0.23333333333333295,14.683333333333332
172,12.0,6.0,14.0,6.0,0.0,2.0,0.0,11.0,8.0,18.0,0.0,10.0,0.0,7.0,10.0,1.0,13.0,13.0,13.0,13.0,-1.0,-2.533333333333333,-12.933333333333334,6.866666666666668
173,12.0,5.0,14.0,0.0,5.0,0.0,11.0,8.0,18.0,5.0,1.0,0.0,7.0,10.0,0.0,-0.0,13.0,13.0,13.0,13.0,-1.0,8.5,13.0,14.5
174,12.0,5.0,12.0,0.0,0.0,1.0,8.0,18.0,5.0,9.0,0.0,7.0,10.0,0.0,12.0,0.0,13.0,13.0,13.0,13.0,-0.0,8.8,-2.9499999999999997,6.450000000000001
175,13.0,5.0,12.0,0.0,2.0,1.0,18.0,5.0,9.0,11.0,1.0,10.0,0.0,12.0,11.0,-0.0,13.0,13.0,13.0,11.0,-1.0,0.7333333333333334,-3.216666666666667,8.383333333333333
176,12.0,4.0,13.0,6.0,8.0,1.0,5.0,9.0,11.0,13.0,-0.0,0.0,12.0,11.0,0.0,0.0,13.0,13.0,11.0,8.0,0.0,10.566666666666666,11.866666666666667,17.566666666666666
177,13.0,5.0,12.0,0.0,3.0,1.0,9.0,11.0,13.0,11.0,1.0,12.0,11.0,0.0,0.0,0.0,13.0,11.0,8.0,13.0,-1.0,10.866666666666667,13.066666666666666,11.266666666666667
178,13.0,5.0,15.0,0.0,7.0,0.0,11.0,13.0,11.0,24.0,4.0,11.0,0.0,0.0,0.0,-3.0,11.0,8.0,13.0,11.0,-1.0,-7.2333333333333325,12.566666666666668,11.266666666666667
179,14.0,5.0,14.0,0.0,11.0,0.0,13.0,11.0,24.0,0.0,-0.0,0.0,0.0,0.0,11.0,-2.0,8.0,13.0,11.0,24.0,2.0,17.383333333333333,-1.4666666666666666,-6.116666666666666
180,12.0,5.0,15.0,1.0,6.0,0.0,11.0,24.0,0.0,18.0,0.0,0.0,0.0,11.0,0.0,0.0,13.0,11.0,24.0,4.0,0.0,3.4166666666666665,10.916666666666668,9.766666666666666
181,11.0,6.0,14.0,1.0,0.0,0.0,24.0,0.0,18.0,29.0,0.0,0.0,11.0,0.0,10.0,0.0,11.0,24.0,4.0,13.0,-0.0,-16.05,-4.449999999999999,2.8000000000000003
182,10.0,5.0,14.0,14.0,0.0,0.0,0.0,18.0,29.0,0.0,-1.0,11.0,0.0,10.0,12.0,1.0,24.0,4.0,13.0,13.0,-0.0,15.799999999999999,-12.05,3.45
183,11.0,5.0,17.0,3.0,6.0,7.0,18.0,29.0,0.0,0.0,0.0,0.0,10.0,12.0,0.0,-0.0,4.0,13.0,13.0,13.0,-0.0,27.666666666666668,18.366666666666667,22.76666666666667
184,12.0,4.0,19.0,6.0,2.0,0.0,29.0,0.0,0.0,13.0,-3.0,10.0,12.0,0.0,0.0,0.0,13.0,13.0,13.0,16.0,3.0,10.966666666666667,9.866666666666667,3.5666666666666664
185,13.0,4.0,18.0,16.0,6.0,3.0,0.0,0.0,13.0,0.0,-6.0,12.0,0.0,0.0,4.0,-2.0,13.0,13.0,16.0,16.0,8.0,32.9,11.899999999999999,9.199999999999998
186,13.0,4.0,18.0,3.0,8.0,4.0,0.0,13.0,0.0,18.0,0.0,0.0,0.0,4.0,8.0,-6.0,13.0,16.0,16.0,16.0,6.0,2.7,4.7,4.6
187,13.0,5.0,19.0,0.0,3.0,0.0,13.0,0.0,18.0,16.0,1.0,0.0,4.0,8.0,0.0,0.0,16.0,16.0,16.0,13.0,-1.0,-12.683333333333334,8.516666666666667,12.066666666666666
188,13.0,4.0,18.0,0.0,0.0,0.0,0.0,18.0,16.0,5.0,0.0,4.0,8.0,0.0,7.0,0.0,16.0,16.0,13.0,16.0,0.0,19.916666666666668,2.666666666666667,12.916666666666668
189,12.0,4.0,18.0,0.0,0.0,0.0,18.0,16.0,5.0,27.0,-0.0,8.0,0.0,7.0,11.0,-0.0,16.0,13.0,16.0,16.0,0.0,-40.166666666666664,-15.166666666666666,-2.666666666666666
190,12.0,5.0,20.0,6.0,3.0,0.0,16.0,5.0,27.0,0.0,-0.0,0.0,7.0,11.0,0.0,0.0,13.0,16.0,16.0,14.0,-0.0,28.43333333333333,18.23333333333333,19.53333333333333
191,11.0,4.0,20.0,5.0,0.0,0.0,5.0,27.0,0.0,0.0,-6.0,7.0,11.0,0.0,0.0,0.0,16.0,16.0,14.0,16.0,6.0,32.166666666666664,14.416666666666666,14.416666666666666
192,10.0,4.0,20.0,0.0,3.0,0.0,27.0,0.0,0.0,18.0,0.0,11.0,0.0,0.0,11.0,-0.0,16.0,14.0,16.0,16.0,0.0,-4.433333333333334,-6.733333333333333,5.566666666666666
193,11.0,4.0,20.0,16.0,7.0,0.0,0.0,0.0,18.0,0.0,-0.0,0.0,0.0,11.0,0.0,-3.0,14.0,16.0,16.0,16.0,3.0,25.3,18.700000000000003,18.4
194,9.0,4.0,20.0,7.0,3.0,0.0,0.0,18.0,0.0,18.0,0.0,0.0,11.0,0.0,0.0,0.0,16.0,16.0,16.0,16.0,0.0,-4.7,6.7,4.0
195,9.0,3.0,20.0,0.0,0.0,0.0,18.0,0.0,18.0,0.0,-1.0,11.0,0.0,0.0,0.0,0.0,16.0,16.0,16.0,16.0,1.0,16.166666666666668,11.416666666666668,13.916666666666668
196,9.0,3.0,20.0,9.0,8.0,0.0,0.0,18.0,0.0,8.0,-0.0,0.0,0.0,0.0,11.0,-0.0,16.0,16.0,16.0,16.0,0.0,5.033333333333333,-6.866666666666666,7.433333333333334
197,10.0,3.0,20.0,0.0,5.0,2.0,18.0,0.0,8.0,13.0,-6.0,0.0,0.0,11.0,0.0,0.0,16.0,16.0,16.0,16.0,6.0,-3.0666666666666664,5.683333333333334,7.483333333333333
198,9.0,3.0,20.0,9.0,2.0,0.0,0.0,8.0,13.0,13.0,-0.0,0.0,11.0,0.0,0.0,0.0,16.0,16.0,16.0,16.0,0.0,3.566666666666667,8.766666666666666,14.466666666666667
199,9.0,3.0,20.0,0.0,0.0,0.0,8.0,13.0,13.0,0.0,-1.0,11.0,0.0,0.0,0.0,0.0,16.0,16.0,16.0,16.0,1.0,20.25,10.25,14.5
